-- PostgreSQL Data Export for ACOS
BEGIN;

SET CONSTRAINTS ALL DEFERRED;

-- Data for table: users
INSERT INTO "users" ("id", "tenant_id", "name", "email", "email_verified_at", "password", "remember_token", "created_at", "updated_at") VALUES (1, NULL, 'Admin ACOS System', 'admin@acos.vn', NULL, '$2y$12$UIbLZx.zcbpyVoqVR5Juiesaa6znrX3FvqkbkSRtUmRzr/CWxQyFe', NULL, '2026-06-30 09:16:39', '2026-06-30 09:16:39') ON CONFLICT DO NOTHING;
INSERT INTO "users" ("id", "tenant_id", "name", "email", "email_verified_at", "password", "remember_token", "created_at", "updated_at") VALUES (2, 1, 'Fashion Manager', 'fashion@acos.vn', NULL, '$2y$12$VC6EIM5.2v6RCw9O7XCC7OpC/FLXEKjxLIoGUMnIUMxbvIJl1dkHO', NULL, '2026-06-30 09:16:39', '2026-06-30 09:16:39') ON CONFLICT DO NOTHING;
INSERT INTO "users" ("id", "tenant_id", "name", "email", "email_verified_at", "password", "remember_token", "created_at", "updated_at") VALUES (3, 2, 'Tech Manager', 'tech@acos.vn', NULL, '$2y$12$EHelLUe8WaMaxOS/fLJ86uQpVkEfc3c2fwu4tVUPkyh3f.c12wT/.', NULL, '2026-06-30 09:16:39', '2026-06-30 09:16:39') ON CONFLICT DO NOTHING;
SELECT setval(pg_get_serial_sequence('"users"', 'id'), coalesce(max(id), 1)) FROM "users";

-- Data for table: categories
INSERT INTO "categories" ("id", "tenant_id", "name", "slug", "description", "parent_id", "sort_order", "is_active", "created_at", "updated_at") VALUES (1, 1, 'Thời trang Nam', 'thoi-trang-nam', NULL, NULL, 0, true, '2026-06-30 09:16:39', '2026-06-30 09:16:39') ON CONFLICT DO NOTHING;
INSERT INTO "categories" ("id", "tenant_id", "name", "slug", "description", "parent_id", "sort_order", "is_active", "created_at", "updated_at") VALUES (2, 1, 'Áo thun Nam', 'ao-thun-nam', NULL, 1, 0, true, '2026-06-30 09:16:39', '2026-06-30 09:16:39') ON CONFLICT DO NOTHING;
INSERT INTO "categories" ("id", "tenant_id", "name", "slug", "description", "parent_id", "sort_order", "is_active", "created_at", "updated_at") VALUES (3, 1, 'Quần Jean Nam', 'quan-jean-nam', NULL, 1, 0, true, '2026-06-30 09:16:39', '2026-06-30 09:16:39') ON CONFLICT DO NOTHING;
INSERT INTO "categories" ("id", "tenant_id", "name", "slug", "description", "parent_id", "sort_order", "is_active", "created_at", "updated_at") VALUES (4, 2, 'Điện thoại di động', 'dien-thoai-di-dong', NULL, NULL, 0, true, '2026-06-30 09:16:39', '2026-06-30 09:16:39') ON CONFLICT DO NOTHING;
INSERT INTO "categories" ("id", "tenant_id", "name", "slug", "description", "parent_id", "sort_order", "is_active", "created_at", "updated_at") VALUES (5, 2, 'Máy tính xách tay', 'may-tinh-xach-tay', NULL, NULL, 0, true, '2026-06-30 09:16:39', '2026-06-30 09:16:39') ON CONFLICT DO NOTHING;
SELECT setval(pg_get_serial_sequence('"categories"', 'id'), coalesce(max(id), 1)) FROM "categories";

-- Data for table: brands
INSERT INTO "brands" ("id", "tenant_id", "name", "slug", "logo", "description", "is_active", "created_at", "updated_at") VALUES (1, 1, 'Coolmate', 'coolmate', NULL, 'absjdhaksdhjksa', true, '2026-06-30 09:16:39', '2026-06-30 13:33:46') ON CONFLICT DO NOTHING;
INSERT INTO "brands" ("id", "tenant_id", "name", "slug", "logo", "description", "is_active", "created_at", "updated_at") VALUES (2, 1, 'Levi''s', 'levis', NULL, 'Levi mô tả', true, '2026-06-30 09:16:39', '2026-06-30 13:33:56') ON CONFLICT DO NOTHING;
INSERT INTO "brands" ("id", "tenant_id", "name", "slug", "logo", "description", "is_active", "created_at", "updated_at") VALUES (3, 2, 'Apple', 'apple-tech', NULL, NULL, true, '2026-06-30 09:16:39', '2026-06-30 09:16:39') ON CONFLICT DO NOTHING;
INSERT INTO "brands" ("id", "tenant_id", "name", "slug", "logo", "description", "is_active", "created_at", "updated_at") VALUES (4, 2, 'Samsung', 'samsung-tech', NULL, NULL, true, '2026-06-30 09:16:39', '2026-06-30 09:16:39') ON CONFLICT DO NOTHING;
INSERT INTO "brands" ("id", "tenant_id", "name", "slug", "logo", "description", "is_active", "created_at", "updated_at") VALUES (5, 1, 'Lining', 'lining', 'http://localhost:8000/uploads/brands/64969e8f-c97a-4555-b25a-7dbe9a0ee86f.webp', 'Trung Quốc', true, '2026-06-30 13:35:47', '2026-06-30 13:35:47') ON CONFLICT DO NOTHING;
SELECT setval(pg_get_serial_sequence('"brands"', 'id'), coalesce(max(id), 1)) FROM "brands";

-- Data for table: suppliers
INSERT INTO "suppliers" ("id", "tenant_id", "name", "code", "email", "phone", "contact_person", "address", "notes", "is_active", "created_at", "updated_at") VALUES (1, 1, 'Tổng kho May mặc Hà Nội', 'SUP-FASHION-01', 'contact@detmayhn.vn', '0325277184', 'Nguyễn Văn Hùng', NULL, NULL, true, '2026-06-30 09:16:39', '2026-06-30 13:34:08') ON CONFLICT DO NOTHING;
INSERT INTO "suppliers" ("id", "tenant_id", "name", "code", "email", "phone", "contact_person", "address", "notes", "is_active", "created_at", "updated_at") VALUES (2, 2, 'Nhà phân phối Digiworld', 'SUP-TECH-DGW', 'info@digiworld.com.vn', '02839112233', 'Lê Minh Triết', NULL, NULL, true, '2026-06-30 09:16:39', '2026-06-30 09:16:39') ON CONFLICT DO NOTHING;
INSERT INTO "suppliers" ("id", "tenant_id", "name", "code", "email", "phone", "contact_person", "address", "notes", "is_active", "created_at", "updated_at") VALUES (3, 1, 'SƠn đẹp trai', 'NCC-007', 'vanson21102003@gmail.com', '0325277185', 'Sơn đpẹ trai', NULL, NULL, true, '2026-06-30 13:34:37', '2026-06-30 13:34:48') ON CONFLICT DO NOTHING;
SELECT setval(pg_get_serial_sequence('"suppliers"', 'id'), coalesce(max(id), 1)) FROM "suppliers";

-- Data for table: assets
INSERT INTO "assets" ("id", "tenant_id", "filename", "original_name", "disk", "path", "url", "mime_type", "type", "size", "width", "height", "tags", "alt_text", "created_at", "updated_at", "deleted_at") VALUES (1, 1, '51570814-8989-4b8b-8a59-39e829a5ad61.jpg', 'z7915091252857_2238463d9e4eb571f013fe183adb58cc.jpg', 'local_public', 'uploads/products/51570814-8989-4b8b-8a59-39e829a5ad61.jpg', 'http://localhost:8000/uploads/products/51570814-8989-4b8b-8a59-39e829a5ad61.jpg', 'image/jpeg', 'image', 76591, 759, 655, NULL, NULL, '2026-06-30 12:36:01', '2026-06-30 12:36:01', NULL) ON CONFLICT DO NOTHING;
INSERT INTO "assets" ("id", "tenant_id", "filename", "original_name", "disk", "path", "url", "mime_type", "type", "size", "width", "height", "tags", "alt_text", "created_at", "updated_at", "deleted_at") VALUES (2, 1, '646f5244-d12e-4ba9-b3cb-8e7ec987f509.jpg', 'z7992483197102_8edd85be51df9a27aaeb158ba660e7ec.jpg', 'local_public', 'uploads/products/646f5244-d12e-4ba9-b3cb-8e7ec987f509.jpg', 'http://localhost:8000/uploads/products/646f5244-d12e-4ba9-b3cb-8e7ec987f509.jpg', 'image/jpeg', 'image', 476243, 1024, 1280, NULL, NULL, '2026-06-30 12:36:08', '2026-06-30 12:36:08', NULL) ON CONFLICT DO NOTHING;
INSERT INTO "assets" ("id", "tenant_id", "filename", "original_name", "disk", "path", "url", "mime_type", "type", "size", "width", "height", "tags", "alt_text", "created_at", "updated_at", "deleted_at") VALUES (3, 1, 'f8703bee-b454-4dac-8b7b-daf2af74ed07.jpg', 'z7992483206599_d7c4e6c689e026179004648ad5b30764.jpg', 'local_public', 'uploads/products/f8703bee-b454-4dac-8b7b-daf2af74ed07.jpg', 'http://localhost:8000/uploads/products/f8703bee-b454-4dac-8b7b-daf2af74ed07.jpg', 'image/jpeg', 'image', 395662, 1024, 1280, NULL, NULL, '2026-06-30 12:36:12', '2026-06-30 12:36:12', NULL) ON CONFLICT DO NOTHING;
INSERT INTO "assets" ("id", "tenant_id", "filename", "original_name", "disk", "path", "url", "mime_type", "type", "size", "width", "height", "tags", "alt_text", "created_at", "updated_at", "deleted_at") VALUES (4, 1, 'e9f2c3d4-d782-4b8e-bc17-eb28fa0de3a8.jpg', 'z7992483199074_2a1326bd0e1b6b52ddfab82c0422b389.jpg', 'local_public', 'uploads/products/e9f2c3d4-d782-4b8e-bc17-eb28fa0de3a8.jpg', 'http://localhost:8000/uploads/products/e9f2c3d4-d782-4b8e-bc17-eb28fa0de3a8.jpg', 'image/jpeg', 'image', 491364, 1024, 1280, NULL, NULL, '2026-06-30 12:36:19', '2026-06-30 12:36:19', NULL) ON CONFLICT DO NOTHING;
INSERT INTO "assets" ("id", "tenant_id", "filename", "original_name", "disk", "path", "url", "mime_type", "type", "size", "width", "height", "tags", "alt_text", "created_at", "updated_at", "deleted_at") VALUES (5, 1, '64969e8f-c97a-4555-b25a-7dbe9a0ee86f.webp', 'share_fb_home.webp', 'local_public', 'uploads/brands/64969e8f-c97a-4555-b25a-7dbe9a0ee86f.webp', 'http://localhost:8000/uploads/brands/64969e8f-c97a-4555-b25a-7dbe9a0ee86f.webp', 'image/webp', 'image', 8496, 500, 500, NULL, NULL, '2026-06-30 13:35:47', '2026-06-30 13:35:47', NULL) ON CONFLICT DO NOTHING;
SELECT setval(pg_get_serial_sequence('"assets"', 'id'), coalesce(max(id), 1)) FROM "assets";

-- Data for table: products
INSERT INTO "products" ("id", "tenant_id", "sku", "barcode", "name", "slug", "short_description", "description", "attributes", "category_id", "brand_id", "supplier_id", "cost_price", "price", "sale_price", "stock", "min_stock", "seo_title", "seo_description", "tags", "has_variants", "status", "created_at", "updated_at", "deleted_at") VALUES (1, 1, 'TS-COTTON-ACTIVE', NULL, 'Áo Thun Cotton', 'ao-thun-cotton-SDqH7b', 'Áo thun thể thao chất liệu 100% cotton co giãn cực tốt.', 'Áo thun năng động phù hợp mọi hoạt động thể thao và dạo phố.', '{"material":"100% Cotton Premium","origin":"Vi\u1ec7t Nam"}', 2, 1, 1, '120000.00', '249000.00', NULL, 1, 0, NULL, NULL, '[]', true, 'active', '2026-06-30 09:16:39', '2026-06-30 12:43:10', NULL) ON CONFLICT DO NOTHING;
INSERT INTO "products" ("id", "tenant_id", "sku", "barcode", "name", "slug", "short_description", "description", "attributes", "category_id", "brand_id", "supplier_id", "cost_price", "price", "sale_price", "stock", "min_stock", "seo_title", "seo_description", "tags", "has_variants", "status", "created_at", "updated_at", "deleted_at") VALUES (2, 1, 'JEAN-SLIM-BLUE', NULL, 'Quần Jean Slimfit Levi''s 511', 'quan-jean-slimfit-levis-511', 'Quần bò dáng ôm nhẹ, trẻ trung năng động.', 'Chất liệu denim cao cấp co giãn 2%, giữ form tốt sau nhiều lần giặt.', '{"material":"98% Cotton, 2% Elastane","origin":"M\u1ef9"}', 3, 2, 1, '800000.00', '1450000.00', NULL, 40, 0, NULL, NULL, NULL, false, 'active', '2026-06-30 09:16:39', '2026-06-30 09:16:39', NULL) ON CONFLICT DO NOTHING;
INSERT INTO "products" ("id", "tenant_id", "sku", "barcode", "name", "slug", "short_description", "description", "attributes", "category_id", "brand_id", "supplier_id", "cost_price", "price", "sale_price", "stock", "min_stock", "seo_title", "seo_description", "tags", "has_variants", "status", "created_at", "updated_at", "deleted_at") VALUES (3, 2, 'IP15-PROMAX', NULL, 'iPhone 15 Pro Max', 'iphone-15-pro-max', 'Siêu phẩm mới nhất từ Apple với khung sườn Titan.', 'Trang bị chip A17 Pro mạnh mẽ nhất, camera zoom quang học 5x.', '{"battery":"4441 mAh","os":"iOS"}', 4, 3, 2, '26000000.00', '32990000.00', NULL, 0, 0, NULL, NULL, NULL, true, 'active', '2026-06-30 09:16:39', '2026-06-30 09:16:39', NULL) ON CONFLICT DO NOTHING;
INSERT INTO "products" ("id", "tenant_id", "sku", "barcode", "name", "slug", "short_description", "description", "attributes", "category_id", "brand_id", "supplier_id", "cost_price", "price", "sale_price", "stock", "min_stock", "seo_title", "seo_description", "tags", "has_variants", "status", "created_at", "updated_at", "deleted_at") VALUES (4, 2, 'MBA-M3-2024-8-256', NULL, 'MacBook Air 13" M3 2024 (8GB RAM / 256GB SSD)', 'macbook-air-13-m3-2024-8-256', 'Máy tính xách tay siêu mỏng nhẹ chip M3.', 'Thiết kế không quạt, yên tĩnh tuyệt đối, thời lượng pin lên đến 18 tiếng.', '{"battery":"Pin Li-Po 52.6 watt-gi\u1edd","os":"macOS"}', 5, 3, 2, '23500000.00', '27990000.00', NULL, 12, 0, NULL, NULL, NULL, false, 'active', '2026-06-30 09:16:39', '2026-06-30 09:16:39', NULL) ON CONFLICT DO NOTHING;
SELECT setval(pg_get_serial_sequence('"products"', 'id'), coalesce(max(id), 1)) FROM "products";

-- Data for table: product_assets
INSERT INTO "product_assets" ("id", "product_id", "asset_id", "sort_order", "is_primary", "created_at", "updated_at") VALUES (1, 1, 4, 0, true, NULL, NULL) ON CONFLICT DO NOTHING;
INSERT INTO "product_assets" ("id", "product_id", "asset_id", "sort_order", "is_primary", "created_at", "updated_at") VALUES (2, 1, 2, 1, false, NULL, NULL) ON CONFLICT DO NOTHING;
INSERT INTO "product_assets" ("id", "product_id", "asset_id", "sort_order", "is_primary", "created_at", "updated_at") VALUES (3, 1, 3, 2, false, NULL, NULL) ON CONFLICT DO NOTHING;
SELECT setval(pg_get_serial_sequence('"product_assets"', 'id'), coalesce(max(id), 1)) FROM "product_assets";

-- Data for table: product_variants
INSERT INTO "product_variants" ("id", "tenant_id", "product_id", "sku", "barcode", "attribute_values", "price", "sale_price", "cost_price", "stock", "is_active", "created_at", "updated_at") VALUES (1, 1, 1, 'TS-ACTIVE-BLK-M', NULL, '{"color":"\u0110en","size":"M"}', '249000.00', NULL, '120000.00', 50, true, '2026-06-30 09:16:39', '2026-06-30 09:16:39') ON CONFLICT DO NOTHING;
INSERT INTO "product_variants" ("id", "tenant_id", "product_id", "sku", "barcode", "attribute_values", "price", "sale_price", "cost_price", "stock", "is_active", "created_at", "updated_at") VALUES (2, 1, 1, 'TS-ACTIVE-BLK-L', NULL, '{"color":"\u0110en","size":"L"}', '249000.00', NULL, '120000.00', 45, true, '2026-06-30 09:16:39', '2026-06-30 09:16:39') ON CONFLICT DO NOTHING;
INSERT INTO "product_variants" ("id", "tenant_id", "product_id", "sku", "barcode", "attribute_values", "price", "sale_price", "cost_price", "stock", "is_active", "created_at", "updated_at") VALUES (3, 1, 1, 'TS-ACTIVE-WHT-M', NULL, '{"color":"Tr\u1eafng","size":"M"}', '249000.00', NULL, '120000.00', 30, true, '2026-06-30 09:16:39', '2026-06-30 09:16:39') ON CONFLICT DO NOTHING;
INSERT INTO "product_variants" ("id", "tenant_id", "product_id", "sku", "barcode", "attribute_values", "price", "sale_price", "cost_price", "stock", "is_active", "created_at", "updated_at") VALUES (4, 1, 1, 'TS-ACTIVE-WHT-L', NULL, '{"color":"Tr\u1eafng","size":"L"}', '249000.00', NULL, '120000.00', 25, true, '2026-06-30 09:16:39', '2026-06-30 09:16:39') ON CONFLICT DO NOTHING;
INSERT INTO "product_variants" ("id", "tenant_id", "product_id", "sku", "barcode", "attribute_values", "price", "sale_price", "cost_price", "stock", "is_active", "created_at", "updated_at") VALUES (5, 2, 3, 'IP15PM-TITAN-256', NULL, '{"color":"Titan T\u1ef1 Nhi\u00ean","storage":"256GB"}', '32990000.00', NULL, '26000000.00', 15, true, '2026-06-30 09:16:39', '2026-06-30 09:16:39') ON CONFLICT DO NOTHING;
INSERT INTO "product_variants" ("id", "tenant_id", "product_id", "sku", "barcode", "attribute_values", "price", "sale_price", "cost_price", "stock", "is_active", "created_at", "updated_at") VALUES (6, 2, 3, 'IP15PM-TITAN-512', NULL, '{"color":"Titan T\u1ef1 Nhi\u00ean","storage":"512GB"}', '38990000.00', NULL, '31000000.00', 8, true, '2026-06-30 09:16:39', '2026-06-30 09:16:39') ON CONFLICT DO NOTHING;
INSERT INTO "product_variants" ("id", "tenant_id", "product_id", "sku", "barcode", "attribute_values", "price", "sale_price", "cost_price", "stock", "is_active", "created_at", "updated_at") VALUES (7, 2, 3, 'IP15PM-BLK-256', NULL, '{"color":"Titan \u0110en","storage":"256GB"}', '32990000.00', NULL, '26000000.00', 20, true, '2026-06-30 09:16:39', '2026-06-30 09:16:39') ON CONFLICT DO NOTHING;
SELECT setval(pg_get_serial_sequence('"product_variants"', 'id'), coalesce(max(id), 1)) FROM "product_variants";

COMMIT;
